paper_id,reg_id,outcome_var,treatment_var,coefficient,std_error,p_value,ci_lower,ci_upper,n_obs,r_squared,original_coefficient,original_std_error,match_status,coefficient_vector_json,fixed_effects,controls_desc,cluster_var,estimator,sample_desc,notes
112431-V1,1,pcorrupt,first,-0.01880118,0.00946783,0.04763171,-0.03735814,-0.00024423,476,0.008404,-0.019,0.009,exact,"{""Intercept"": 0.0736718555310237, ""first"": -0.01880118134486592}",,none,,OLS,esample2==1,"Table 4, Col 1."
112431-V1,2,pcorrupt,first,-0.01976935,0.00962366,0.04052409,-0.03863173,-0.00090697,476,0.077222,-0.02,0.01,exact,"{""Intercept"": 0.1803976363872764, ""first"": -0.019769351059913464, ""pref_masc"": -0.03210263004679067, ""pref_idade_tse"": -0.0008164666546204334, ""pref_escola"": -0.005323406109664263, ""party_d1"": -0.03387343883831757, ""party_d3"": 0.032546895807727, ""party_d4"": -0.008686837435493991, ""party_d5"": 0.003806392219258556, ""party_d6"": -0.003928979596499986, ""party_d7"": 0.008709941176432265, ""party_d8"": 0.18809652253738998, ""party_d9"": 0.04361049784646124, ""party_d10"": 0.013493936944244075, ""party_d11"": -0.031957711058772424, ""party_d12"": -0.014659835785519536, ""party_d13"": 0.04629617645122333, ""party_d14"": -0.035563933395075756, ""party_d15"": -0.05122399171540491, ""party_d16"": 0.24194265621820457, ""party_d17"": -0.001247919483995136, ""party_d18"": 0.0298503259090556}",,mayor characteristics (prefchar2),,OLS,esample2==1,"Table 4, Col 2."
112431-V1,3,pcorrupt,first,-0.02001946,0.00987155,0.04315319,-0.03936769,-0.00067123,476,0.101487,,,close,"{""Intercept"": 0.30265014510870514, ""first"": -0.020019461907677113, ""pref_masc"": -0.0255342165348468, ""pref_idade_tse"": -0.0006984342448990053, ""pref_escola"": -0.00525937794162303, ""party_d1"": -0.016215821830467707, ""party_d3"": 0.03577776905893661, ""party_d4"": -0.003704688937027148, ""party_d5"": 0.006344913905534526, ""party_d6"": -0.0035989721920275334, ""party_d7"": 0.028899372881135543, ""party_d8"": 0.16191931722305794, ""party_d9"": 0.04632124720423607, ""party_d10"": 0.012173299416793588, ""party_d11"": -0.03283963234952434, ""party_d12"": -0.010942488527849348, ""party_d13"": 0.05665753545899507, ""party_d14"": -0.05325266644611533, ""party_d15"": -0.04157109726346486, ""party_d16"": 0.25368418888184036, ""party_d17"": 0.0026967605850343503, ""party_d18"": 0.02869204273712224, ""lpop"": -0.00043979668564823453, ""purb"": 0.059688568981769385, ""p_secundario"": -0.021410002420051828, ""mun_novo"": -0.0020283217726865302, ""lpib02"": -0.016340517087139607, ""gini_ipea"": -0.12257283297717045, ""lrec_trans"": -0.0070696472986250545}",,prefchar2 + munichar2 + lrec_trans,,OLS,esample2==1,"Table 4, Col 3."
112431-V1,4,pcorrupt,first,-0.02353939,0.01078645,0.02961108,-0.04468083,-0.00239796,476,0.115791,,,close,"{""Intercept"": 0.2989701451990315, ""first"": -0.0235393936898064, ""pref_masc"": -0.0215319369489792, ""pref_idade_tse"": -0.0006042870163115872, ""pref_escola"": -0.00508088886288782, ""party_d1"": -0.016692198483721325, ""party_d3"": 0.040360328716156475, ""party_d4"": -0.0008473655777005699, ""party_d5"": 0.009069914513737641, ""party_d6"": -0.0040281857678225235, ""party_d7"": 0.042313439769040215, ""party_d8"": 0.13733295814858992, ""party_d9"": 0.03820992912506216, ""party_d10"": 0.007125225568020285, ""party_d11"": -0.03293828768927736, ""party_d12"": -0.010628489842941184, ""party_d13"": 0.05028742829722583, ""party_d14"": -0.05798084505829497, ""party_d15"": -0.043865358985340504, ""party_d16"": 0.2322292361176687, ""party_d17"": 4.800713084760053e-05, ""party_d18"": 0.024535316572636502, ""lpop"": -0.013184746856630144, ""purb"": 0.059724005321009487, ""p_secundario"": -0.006005535480615523, ""mun_novo"": -0.002289027151986814, ""lpib02"": -0.02092378257969243, ""gini_ipea"": -0.12248436561990265, ""lrec_trans"": 0.0042519576325028945, ""p_cad_pref"": -0.0954889765947907, ""vereador_eleit"": -7.234014870205831, ""ENLP2000"": -0.005543244812213944, ""comarca"": -0.01117738585240449}",,prefchar2 + munichar2 + lrec_trans + political,,OLS,esample2==1,"Table 4, Col 4."
112431-V1,5,pcorrupt,first,-0.02612726,0.01059597,0.01405762,-0.04689537,-0.00535915,476,0.140096,,,close,"{""Intercept"": 0.3692694904635286, ""first"": -0.026127258923345536, ""pref_masc"": -0.0258713029572717, ""pref_idade_tse"": -0.0004999149732871543, ""pref_escola"": -0.004611622356800124, ""party_d1"": -0.020037334918203576, ""party_d3"": 0.03243803461189098, ""party_d4"": -0.005686003276527726, ""party_d5"": 0.006209940619626039, ""party_d6"": -0.01669901906261029, ""party_d7"": 0.010874809719791427, ""party_d8"": 0.14482569658931832, ""party_d9"": 0.03128627897211639, ""party_d10"": 0.007737868809621223, ""party_d11"": -0.039182679468365525, ""party_d12"": -0.013062908650674958, ""party_d13"": 0.030804727818968508, ""party_d14"": -0.046175988199523295, ""party_d15"": -0.04686386761525749, ""party_d16"": 0.23647789866594707, ""party_d17"": -0.009899205892073258, ""party_d18"": -0.004142860167521869, ""lpop"": -0.010566988835558485, ""purb"": 0.059169196702999895, ""p_secundario"": -0.02709546905474043, ""mun_novo"": -0.002668243018093189, ""lpib02"": -0.018717493415731392, ""gini_ipea"": -0.1281366752058107, ""lrec_trans"": 0.0004030462930045733, ""p_cad_pref"": -0.09741905027635657, ""vereador_eleit"": -6.651076099829444, ""ENLP2000"": -0.004904088748898858, ""comarca"": -0.008992468881436552, ""sorteio1"": -0.032537414896638285, ""sorteio2"": -0.06356308602919471, ""sorteio3"": -0.026727909470081627, ""sorteio4"": -0.009916082309291792, ""sorteio5"": -0.032735939351278845, ""sorteio6"": -0.03519382423577024, ""sorteio7"": -0.02635577606091355, ""sorteio8"": -0.023463522776047803, ""sorteio9"": -0.018455531631720097}",,prefchar2 + munichar2 + lrec_trans + political + sorteio,,OLS,esample2==1,"Table 4, Col 5."
112431-V1,6,pcorrupt,first,-0.02748235,0.0112644,0.01512122,-0.04956057,-0.00540414,476,0.203011,-0.027,0.011,exact,"{""first"": -0.0274823537905472, ""pref_masc"": -0.027634836095513083, ""pref_idade_tse"": -0.0003939045622703964, ""pref_escola"": -0.003774281839369779, ""party_d1"": -0.004250940752502478, ""party_d3"": 0.007105421047774143, ""party_d4"": 0.0026281626988317783, ""party_d5"": 0.017652361383566465, ""party_d6"": -0.017311886775150456, ""party_d7"": -0.012591377986319362, ""party_d8"": 0.13787137688174703, ""party_d9"": 0.02423755042015641, ""party_d10"": -0.03677184759846793, ""party_d11"": -0.029151862419490696, ""party_d12"": -0.006394099680272368, ""party_d13"": -0.007049343153002022, ""party_d14"": -0.031028357845498213, ""party_d15"": -0.026097872321351172, ""party_d16"": 0.16853038270968426, ""party_d17"": -0.0009061998160407235, ""party_d18"": 0.011628885222211123, ""lpop"": -0.007516093166935972, ""purb"": 0.026033076107580877, ""p_secundario"": 0.10849386093600577, ""mun_novo"": -0.00038911704482829805, ""lpib02"": -0.004490849511962863, ""gini_ipea"": -0.17224160333032348, ""lrec_trans"": -0.011341684865757824, ""p_cad_pref"": -0.08274509806654552, ""vereador_eleit"": -7.733479036252811, ""ENLP2000"": -0.0019926491484740126, ""comarca"": -0.007717497331446821, ""sorteio1"": -0.02651772936464904, ""sorteio2"": -0.06104013386097464, ""sorteio3"": -0.026326124380504908, ""sorteio4"": -0.007420662670891676, ""sorteio5"": -0.029017448392631942, ""sorteio6"": -0.037360543355198374, ""sorteio7"": -0.022615703083990555, ""sorteio8"": -0.022810717747461882, ""sorteio9"": -0.021586922686411034}",uf,prefchar2 + munichar2 + lrec_trans + political + sorteio,,OLS,esample2==1,"Table 4, Col 6. State FE (areg). Main specification."
112431-V1,7,pcorrupt,first,-0.04184859,0.01224994,0.00063495,-0.06585847,-0.0178387,476,,,,close,"{""const"": 0.5671148695472376, ""first"": -0.04184858750215835, ""pref_masc"": -0.03448826564904725, ""pref_idade_tse"": -0.00015078154617408556, ""pref_escola"": -0.005205946047448901, ""party_d1"": -0.022092656495978243, ""party_d3"": -0.019328198771365924, ""party_d4"": -0.00798899167316307, ""party_d5"": 0.006324289346112124, ""party_d6"": -0.025646498441878426, ""party_d7"": -0.030549650212683493, ""party_d8"": 0.15586630621147002, ""party_d9"": -0.005972628817787359, ""party_d10"": -0.0238342844032134, ""party_d11"": -0.03242645325153236, ""party_d12"": -0.020056173193721584, ""party_d13"": -0.02905113570339632, ""party_d14"": -0.012047046373093812, ""party_d15"": -0.056255198533230265, ""party_d16"": 0.1943596726426231, ""party_d17"": -0.022476727289122523, ""party_d18"": 0.017767425462744794, ""lpop"": 0.004681928362855988, ""purb"": 0.02894514424284736, ""p_secundario"": 0.13268462116912702, ""mun_novo"": -0.009488487787782487, ""lpib02"": -0.010898948076609575, ""gini_ipea"": -0.18136122939623023, ""lrec_trans"": -0.0030986724958185444, ""lfunc_ativ"": 0.010653192765718742, ""p_cad_pref"": -0.09977668021572539, ""vereador_eleit"": -7.930386572015231, ""ENLP2000"": 0.000507869751088485, ""comarca"": -0.005118751406379911, ""lrec_fisc"": -0.03153364088483018, ""sorteio1"": 0.048203335116450786, ""sorteio2"": 0.008566333122218054, ""sorteio3"": 0.05836656650941788, ""sorteio4"": 0.07455360979360298, ""sorteio5"": 0.027625679669249465, ""sorteio6"": 0.04186230084352054, ""sorteio7"": 0.06269809581371893, ""sorteio8"": 0.07043403846381827, ""sorteio9"": 0.07781258098112583, ""sorteio10"": 0.09849001692739386, ""uf_d1"": -0.030877144255714487, ""uf_d2"": 0.09878034504142595, ""uf_d3"": 0.008758133769906988, ""uf_d4"": 0.03782770571166489, ""uf_d5"": 0.13909246179861923, ""uf_d6"": 0.026634081184588092, ""uf_d7"": 0.04142082091841553, ""uf_d8"": 0.007346139648449261, ""uf_d9"": 0.07130238652885686, ""uf_d10"": -0.009086734874992059, ""uf_d11"": 0.002561420727820242, ""uf_d12"": 0.09236444876018991, ""uf_d13"": 0.03207670256086533, ""uf_d14"": 0.04477106748782751, ""uf_d15"": 0.011909073132842507, ""uf_d16"": 0.07893210726233299, ""uf_d17"": -0.008484827303547986, ""uf_d18"": -0.052655907731671635, ""uf_d19"": 0.06169888234299361, ""uf_d20"": -0.07531768548588855, ""uf_d21"": 0.005528246717251607, ""uf_d22"": -0.07018201547836324, ""uf_d23"": 0.007463646493009572, ""uf_d24"": 0.011293332351968693, ""uf_d25"": -0.048867479523495884, ""uf_d26"": 0.08846329769546948}",uf (dummies),full controls + lrec_fisc + lfunc_ativ + uf dummies,,Tobit,esample2==1,"Table 4, Col 8. Tobit left-censored at 0"
112431-V1,8,ncorrupt,first,-0.38752247,0.15826157,0.01470175,-0.69771515,-0.0773298,476,0.012672,,,close,"{""Intercept"": 2.1504854368932045, ""first"": -0.3875224739302413}",,none,,OLS,esample2==1,"Table 5A, Col 1."
112431-V1,9,ncorrupt,first,-0.4709507,0.14778578,0.00154971,-0.76061083,-0.18129057,476,0.432006,,,close,"{""first"": -0.4709506960041168, ""lrec_fisc"": 0.2029999266839422, ""pref_masc"": -0.00509503947197187, ""pref_idade_tse"": 0.003527952190279094, ""pref_escola"": -0.030516730304569986, ""party_d1"": 0.10871841619084367, ""party_d3"": -0.2638423541779249, ""party_d4"": -0.004738840364116296, ""party_d5"": 0.16884033348113672, ""party_d6"": 0.2687603751318073, ""party_d7"": 1.1932693297385137, ""party_d8"": 2.189353492293426, ""party_d9"": 0.05522202427398074, ""party_d10"": 1.150805167273152, ""party_d11"": 0.3960795731036375, ""party_d12"": -0.028619186996644036, ""party_d13"": 1.1613092091057593, ""party_d14"": -0.38249072632661296, ""party_d15"": -0.1994199316284355, ""party_d16"": -1.1947761021749563, ""party_d17"": -0.11352994979315098, ""party_d18"": 1.0733033710958257, ""lpop"": -0.14669166045617793, ""purb"": 0.2969012096597562, ""p_secundario"": -1.4920352197496451, ""mun_novo"": -0.008006345970182073, ""lpib02"": -0.23838604541480593, ""gini_ipea"": -0.783086526543753, ""lrec_trans"": 0.017488953438684344, ""p_cad_pref"": -0.3585616759025274, ""vereador_eleit"": -178.67199607408338, ""ENLP2000"": 0.01432725281116583, ""comarca"": 0.25079834983528115, ""sorteio1"": -1.1224623073975049, ""sorteio2"": -1.2398566695782007, ""sorteio3"": -0.908907212533106, ""sorteio4"": -0.8117795555253956, ""sorteio5"": -1.0229640691745727, ""sorteio6"": -1.0558735540050508, ""sorteio7"": -0.7274822753564374, ""sorteio8"": -0.3375737615376727, ""sorteio9"": -0.2150387267651086}",uf,lrec_fisc + prefchar2 + munichar2 + lrec_trans + political + sorteio,,OLS,esample2==1,"Table 5A, Col 2."
112431-V1,10,ncorrupt,first,-0.27441743,,,,,476,0.149954,,,close,"{""Intercept"": -0.3024992074538941, ""first"": -0.2744174302661598, ""lrec_fisc"": 0.06943633233754753, ""pref_masc"": -0.0019497034025648342, ""pref_idade_tse"": 0.0025001451291717922, ""pref_escola"": -0.017321491473103134, ""party_d1"": -0.02528093719053074, ""party_d3"": -0.20471842449591218, ""party_d4"": -0.06904887794479998, ""party_d5"": 0.05574071579334624, ""party_d6"": 0.0921209893621265, ""party_d7"": 0.2688569925636082, ""party_d8"": 0.7720067533520575, ""party_d9"": 0.01227030490305755, ""party_d10"": 0.35385515697557657, ""party_d11"": 0.07212263204838701, ""party_d12"": -0.07224024017476001, ""party_d13"": 0.2610733191155058, ""party_d14"": -0.264433074790762, ""party_d15"": -0.21764635807215227, ""party_d16"": -0.4824173543222595, ""party_d17"": -0.10915196329565487, ""party_d18"": 0.659950141449238, ""lpop"": -0.059003411154794995, ""purb"": 0.17227741363059662, ""p_secundario"": -0.7075381762123256, ""mun_novo"": -0.025151045644707118, ""lpib02"": -0.17090409655191738, ""gini_ipea"": -0.5335727269052865, ""lrec_trans"": 0.08045824291012103, ""lfunc_ativ"": -0.11683681797715474, ""p_cad_pref"": -0.11082751934839516, ""vereador_eleit"": -158.88710360318927, ""ENLP2000"": 0.026800428959548882, ""comarca"": 0.1315364979739313, ""sorteio2"": -0.10793651368580312, ""sorteio3"": 0.14429534537760286, ""sorteio4"": 0.21109810136908289, ""sorteio5"": 0.05459494646580077, ""sorteio6"": 0.019276898344172493, ""sorteio7"": 0.23603392422924632, ""sorteio8"": 0.4282782851457056, ""sorteio9"": 0.5180172418559281, ""sorteio10"": 0.5677300090772908, ""uf_d1"": -1.2348336666339688, ""uf_d2"": 0.43180336238419875, ""uf_d3"": -0.07741329257785128, ""uf_d4"": 0.10959654911801611, ""uf_d5"": 0.6435669364436364, ""uf_d6"": -0.08572185017326546, ""uf_d7"": 0.009926315668951857, ""uf_d8"": -0.03208170606892204, ""uf_d9"": 0.4587141995750148, ""uf_d10"": 0.0009954747146849073, ""uf_d11"": -0.08398238850063297, ""uf_d12"": -0.0013498499727232697, ""uf_d13"": 0.29114429336668796, ""uf_d14"": 0.3202204604393554, ""uf_d15"": -0.0818676028212586, ""uf_d16"": 0.027518367888559388, ""uf_d17"": -0.31328762431600793, ""uf_d18"": -0.6303508117930205, ""uf_d19"": 0.26417570998304685, ""uf_d20"": -0.5378219211100791, ""uf_d21"": -0.22947117105356746, ""uf_d22"": -0.5431916767637373, ""uf_d23"": 0.26645900927797844, ""uf_d24"": 0.3481464824197836, ""uf_d25"": -0.48367291008519836, ""uf_d26"": 0.2283935094203223, ""alpha"": 1.0988148941550066e-07}",uf (dummies),full controls + uf dummies,,NegBin,esample2==1,"Table 5A, Col 4. Negative binomial regression"
112431-V1,11,ncorrupt_os,first,-0.00763519,0.0048255,0.11425767,-0.01709318,0.0018228,476,0.005232,,,close,"{""Intercept"": 0.05727471650162152, ""first"": -0.007635190219563796}",,none,,OLS,esample2==1,"Table 5B, Col 1."
112431-V1,12,ncorrupt_os,first,-0.01051049,0.00436829,0.01656943,-0.01907235,-0.00194864,476,0.453365,,,close,"{""first"": -0.010510492571060666, ""lrec_fisc"": -0.0015061836773879612, ""pref_masc"": 0.0020754034867760764, ""pref_idade_tse"": 0.00016818011338793628, ""pref_escola"": -0.001581111368348182, ""party_d1"": -0.0005846533318295448, ""party_d3"": -5.090518740255386e-05, ""party_d4"": -0.004496463178421289, ""party_d5"": 0.006124100077166063, ""party_d6"": 0.011098483168131588, ""party_d7"": -0.005201850445185896, ""party_d8"": 0.08298635731153559, ""party_d9"": 0.002964541552825028, ""party_d10"": 0.057331476453682285, ""party_d11"": 0.014149690649301695, ""party_d12"": -0.0005979342477286767, ""party_d13"": 0.03611126613269061, ""party_d14"": 0.054669691709658186, ""party_d15"": 0.004264820154083904, ""party_d16"": -0.010556573232377114, ""party_d17"": 0.001011052644734051, ""party_d18"": 0.01165745247592295, ""lpop"": -0.011027816281678284, ""purb"": 0.018008032111844773, ""p_secundario"": -0.06274540710693668, ""mun_novo"": 0.00017103063990230957, ""lpib02"": -0.006750043046676123, ""gini_ipea"": -0.021345671088604145, ""lrec_trans"": 0.012141415856562802, ""lfunc_ativ"": -0.00992113173724282, ""p_cad_pref"": 0.007766105862265792, ""vereador_eleit"": -7.568263535418989, ""ENLP2000"": 0.001900245703319377, ""comarca"": 0.008177566570329375, ""sorteio1"": -0.05675473102290279, ""sorteio2"": -0.05211336722537174, ""sorteio3"": -0.03912943703849552, ""sorteio4"": -0.02550056482941619, ""sorteio5"": -0.021779026421179026, ""sorteio6"": -0.017519909591326252, ""sorteio7"": -0.012583162275127149, ""sorteio8"": -0.004315366470181086, ""sorteio9"": 0.0010687200685499014}",uf,lrec_fisc + lfunc_ativ + prefchar2 + munichar2 + lrec_trans + political + sorteio,,OLS,esample2==1,"Table 5B, Col 2."
112431-V1,13,ncorrupt_os,first,-0.01351657,0.0050923,0.00794697,-0.02349748,-0.00353566,476,,,,close,"{""const"": 0.02427589415442842, ""first"": -0.013516567048152085, ""lrec_fisc"": -0.0001461201130760406, ""pref_masc"": 0.00021637996772373686, ""pref_idade_tse"": 0.00027945664951733903, ""pref_escola"": -0.0022426567246726275, ""party_d1"": -0.00033079257921492765, ""party_d3"": -0.006635068637905683, ""party_d4"": -0.007118102170817571, ""party_d5"": 0.003965471199418821, ""party_d6"": 0.007725549075914745, ""party_d7"": -0.008559690152103647, ""party_d8"": 0.08985120307030084, ""party_d9"": 0.0022041061207756165, ""party_d10"": 0.059289844125675145, ""party_d11"": 0.01283840661297563, ""party_d12"": -0.003151876496639306, ""party_d13"": 0.03274420980707216, ""party_d14"": 0.06458805891460832, ""party_d15"": 0.002207833453415111, ""party_d16"": -0.0007328390145891378, ""party_d17"": -0.002434812246435041, ""party_d18"": 0.02104955181228025, ""lpop"": -0.014032087782146528, ""purb"": 0.02032809089011695, ""p_secundario"": -0.0685037831723146, ""mun_novo"": -0.003549971294391681, ""lpib02"": -0.009353718770269272, ""gini_ipea"": -0.03721130063087954, ""lrec_trans"": 0.01457155871654803, ""lfunc_ativ"": -0.010524461749803865, ""p_cad_pref"": 0.008468783491346787, ""vereador_eleit"": -8.545636167257443, ""ENLP2000"": 0.0024940217100345983, ""comarca"": 0.00986392649936435, ""sorteio1"": -0.036529894038817214, ""sorteio2"": -0.030167942541399106, ""sorteio3"": -0.015514438308888885, ""sorteio4"": 0.0004865230543082981, ""sorteio5"": -0.001180147807669332, ""sorteio6"": 0.006921600871876447, ""sorteio7"": 0.011681240768295208, ""sorteio8"": 0.02479633155196294, ""sorteio9"": 0.03226318736628393, ""sorteio10"": 0.03175497037513034, ""uf_d1"": -0.05194048554260752, ""uf_d2"": 0.02792057933509904, ""uf_d3"": 0.000845125267242719, ""uf_d4"": 0.01670874824182598, ""uf_d5"": 0.061561961175512624, ""uf_d6"": -0.011939590694211124, ""uf_d7"": 0.0042443387217773665, ""uf_d8"": -0.00188206931055497, ""uf_d9"": 0.05946833431948229, ""uf_d10"": 0.005344582573328051, ""uf_d11"": -0.013297098465621965, ""uf_d12"": -0.0001429783051809862, ""uf_d13"": 0.02895199661161854, ""uf_d14"": 0.017294130972856345, ""uf_d15"": -0.0012261369338879117, ""uf_d16"": 0.004775135019384718, ""uf_d17"": -0.013051035614917479, ""uf_d18"": -0.031323576258536344, ""uf_d19"": 0.011306571000813944, ""uf_d20"": -0.041060452906694425, ""uf_d21"": -0.05034739272569725, ""uf_d22"": -0.026706798710154866, ""uf_d23"": 0.01497668859162607, ""uf_d24"": 0.012103123591521003, ""uf_d25"": -0.015839798095390586, ""uf_d26"": 0.01733076825389984}",uf (dummies),full controls + uf dummies,,Tobit,esample2==1,"Table 5B, Col 4. Tobit left-censored at 0"
112431-V1,14,pcorrupt,first,-0.0311373,0.01393802,0.02632177,-0.05845581,-0.00381879,328,0.270499,,,close,"{""first"": -0.031137297973730535, ""pref_masc"": -0.008028640606770212, ""pref_idade_tse"": -0.00015196093447309483, ""pref_escola"": -0.005120739599128801, ""party_d1"": -0.021846219287959538, ""party_d3"": 0.02366125327577625, ""party_d4"": -0.02630992499862804, ""party_d5"": -0.007165610191079104, ""party_d6"": -0.03408310824459484, ""party_d8"": 0.09231605828466001, ""party_d9"": 0.0253466825129853, ""party_d10"": -0.018924759937833973, ""party_d11"": -0.05429604327910369, ""party_d12"": -0.020444012966463188, ""party_d13"": -0.0733491511501823, ""party_d15"": -0.048677425391599104, ""party_d17"": -0.004391315939609146, ""party_d18"": -0.0069596755242543416, ""lpop"": -0.01386592485788487, ""purb"": 0.036979287267293395, ""p_secundario"": 0.05030448220330685, ""mun_novo"": -0.007565033214136663, ""lpib02"": -0.011844278447331906, ""gini_ipea"": -0.12764232750700485, ""lrec_trans"": 0.008059750126830727, ""p_cad_pref"": -0.13432611507940395, ""vereador_eleit"": -7.380835216059411, ""ENLP2000"": -0.0042614789298314505, ""comarca"": -0.0402850658937784, ""sorteio1"": -0.03363284601559679, ""sorteio2"": -0.08627682795920882, ""sorteio3"": -0.05540577065739674, ""sorteio4"": -0.022603213344656668, ""sorteio5"": -0.03351366310550348, ""sorteio6"": -0.049316048079985034, ""sorteio7"": -0.02787272343450989, ""sorteio8"": -0.03229488617695844, ""sorteio9"": -0.02783612237692425}",uf,"base controls, restricted to non-missing running",,OLS,esample2==1 & running~=.,"Table 6, Col 1."
112431-V1,15,pcorrupt,first,-0.03920848,0.01859562,0.0359354,-0.07565589,-0.00276107,328,0.271907,,,close,"{""first"": -0.039208478214037834, ""running"": -0.027362722580266393, ""pref_masc"": -0.006948021943285052, ""pref_idade_tse"": -0.0002147381504142854, ""pref_escola"": -0.004885493009334325, ""party_d1"": -0.02016676514780244, ""party_d3"": 0.023471094085310416, ""party_d4"": -0.026080859918605558, ""party_d5"": -0.006435345443357588, ""party_d6"": -0.03625512008169658, ""party_d8"": 0.09230225743830821, ""party_d9"": 0.022660166862629127, ""party_d10"": -0.022242283825940627, ""party_d11"": -0.05364500279152832, ""party_d12"": -0.020317031302807684, ""party_d13"": -0.07319946905778879, ""party_d15"": -0.049751529639291164, ""party_d17"": -0.004281799442479993, ""party_d18"": -0.0017842417570161245, ""lpop"": -0.015095742953863634, ""purb"": 0.038030038633097195, ""p_secundario"": 0.04670288854301902, ""mun_novo"": -0.0066155558712424085, ""lpib02"": -0.012497008552260278, ""gini_ipea"": -0.1348830083415546, ""lrec_trans"": 0.011018148109142827, ""p_cad_pref"": -0.13172200460728878, ""vereador_eleit"": -6.364666188715377, ""ENLP2000"": -0.004744420001685867, ""comarca"": -0.03930459748183701, ""sorteio1"": -0.03250431562926206, ""sorteio2"": -0.08637229022819144, ""sorteio3"": -0.05411615532485104, ""sorteio4"": -0.02234919482685224, ""sorteio5"": -0.03399827420007842, ""sorteio6"": -0.04889126621155337, ""sorteio7"": -0.027142747753446612, ""sorteio8"": -0.03192018778833899, ""sorteio9"": -0.02592611814451221}",uf,base + linear running,,OLS,esample2==1,"Table 6, Col 2."
112431-V1,16,pcorrupt,first,-0.03956127,0.01948583,0.04334046,-0.07775351,-0.00136904,328,0.271914,,,close,"{""first"": -0.0395612733938545, ""running"": -0.028753352759187674, ""running2"": 0.0035067473262575307, ""pref_masc"": -0.00676585329050105, ""pref_idade_tse"": -0.0002111746165696876, ""pref_escola"": -0.004889899103714044, ""party_d1"": -0.02024415996445689, ""party_d3"": 0.023326535615253986, ""party_d4"": -0.026043208376979893, ""party_d5"": -0.006404010816986765, ""party_d6"": -0.0362627546333142, ""party_d8"": 0.0925119601274899, ""party_d9"": 0.02262546595970308, ""party_d10"": -0.022647327386812823, ""party_d11"": -0.05357537956130935, ""party_d12"": -0.02031433101149895, ""party_d13"": -0.07307793673315083, ""party_d15"": -0.049739531082291566, ""party_d17"": -0.0042802202134328456, ""party_d18"": -0.001828346029590444, ""lpop"": -0.01497104079981025, ""purb"": 0.03796208750474793, ""p_secundario"": 0.046962301033856374, ""mun_novo"": -0.006633376086271487, ""lpib02"": -0.012511361790382812, ""gini_ipea"": -0.13430865761220598, ""lrec_trans"": 0.010881183626210305, ""p_cad_pref"": -0.13198750702046183, ""vereador_eleit"": -6.356222254006685, ""ENLP2000"": -0.0047694182799287175, ""comarca"": -0.03932654636127945, ""sorteio1"": -0.032463234254581336, ""sorteio2"": -0.08636499207329051, ""sorteio3"": -0.05399141681880456, ""sorteio4"": -0.022314994746791446, ""sorteio5"": -0.03396270507558909, ""sorteio6"": -0.04882821643856922, ""sorteio7"": -0.02706161863957964, ""sorteio8"": -0.03187514928824957, ""sorteio9"": -0.02584809028244334}",uf,base + quadratic running,,OLS,esample2==1,"Table 6, Col 3."
112431-V1,17,pcorrupt,first,-0.03789269,0.02163886,0.08109641,-0.08030486,0.00451948,328,0.272009,,,close,"{""first"": -0.03789269322384584, ""running"": -0.020417042339584746, ""running2"": 0.01340028384922709, ""running3"": -0.031101771439167886, ""pref_masc"": -0.007331627352294568, ""pref_idade_tse"": -0.00019561552683033189, ""pref_escola"": -0.0048362396057965605, ""party_d1"": -0.020456052038099796, ""party_d3"": 0.02262885384851151, ""party_d4"": -0.02633782303349713, ""party_d5"": -0.006592151435735132, ""party_d6"": -0.03607845328760758, ""party_d8"": 0.0924556705147792, ""party_d9"": 0.022638122617699912, ""party_d10"": -0.022891963466143472, ""party_d11"": -0.054137417989726655, ""party_d12"": -0.020734378540722447, ""party_d13"": -0.0736586341343523, ""party_d15"": -0.04938706055423634, ""party_d17"": -0.0041553838618627395, ""party_d18"": -0.003845915692608217, ""lpop"": -0.015000145060134685, ""purb"": 0.03786789363108603, ""p_secundario"": 0.04672191309256412, ""mun_novo"": -0.006574665251104585, ""lpib02"": -0.012448202844627304, ""gini_ipea"": -0.1351076401324957, ""lrec_trans"": 0.010709037848086857, ""p_cad_pref"": -0.13262155371506115, ""vereador_eleit"": -6.475032590220705, ""ENLP2000"": -0.004729327854188807, ""comarca"": -0.03941262780758595, ""sorteio1"": -0.03306039474367832, ""sorteio2"": -0.08643339856972392, ""sorteio3"": -0.05441026076995164, ""sorteio4"": -0.02258639808080357, ""sorteio5"": -0.03451408776036322, ""sorteio6"": -0.04943213443648063, ""sorteio7"": -0.02745911715900665, ""sorteio8"": -0.03211624988980176, ""sorteio9"": -0.026412445953966596}",uf,base + cubic running,,OLS,esample2==1,"Table 6, Col 4."
112431-V1,18,pcorrupt,first,-0.0426525,0.0187271,0.02355758,-0.07935762,-0.00594738,328,0.273215,,,close,"{""first"": -0.04265249919794472, ""running"": -0.012828931959369261, ""spline1"": -0.05936699853257394, ""pref_masc"": -0.004496722448777243, ""pref_idade_tse"": -0.00015845268769012637, ""pref_escola"": -0.004900653765058474, ""party_d1"": -0.021542615199861167, ""party_d3"": 0.02226262938587275, ""party_d4"": -0.026267420614475883, ""party_d5"": -0.0059259413947705, ""party_d6"": -0.03706708818122723, ""party_d8"": 0.09216111550755579, ""party_d9"": 0.02190792959330214, ""party_d10"": -0.029715191249489677, ""party_d11"": -0.053260707781680905, ""party_d12"": -0.020889792628883012, ""party_d13"": -0.07295927416329977, ""party_d15"": -0.049978699861247936, ""party_d17"": -0.004082668817437554, ""party_d18"": -0.005594971020136773, ""lpop"": -0.013344164606247027, ""purb"": 0.03712567618024983, ""p_secundario"": 0.05271713391981341, ""mun_novo"": -0.006616350938317773, ""lpib02"": -0.01255710148529951, ""gini_ipea"": -0.1300970681539644, ""lrec_trans"": 0.00890728952405147, ""p_cad_pref"": -0.13813372106980099, ""vereador_eleit"": -6.6589802739773525, ""ENLP2000"": -0.0053448703791619395, ""comarca"": -0.03985975223040948, ""sorteio1"": -0.03290849268043704, ""sorteio2"": -0.08632893904800219, ""sorteio3"": -0.052595884063905134, ""sorteio4"": -0.021894870571817243, ""sorteio5"": -0.03296932410143797, ""sorteio6"": -0.04808552350426666, ""sorteio7"": -0.026346715308934548, ""sorteio8"": -0.03134488503714629, ""sorteio9"": -0.025350913820374896}",uf,base + linear spline,,OLS,esample2==1,"Table 6, Col 5."
112431-V1,19,pcorrupt,first,-0.04706219,0.02419557,0.05284393,-0.0944855,0.00036112,328,0.279583,,,close,"{""first"": -0.047062193220183665, ""running"": 0.09320009595796099, ""spline1"": -0.4036461168011775, ""running2"": -0.15975362539017202, ""spline2"": -0.36735977666346875, ""pref_masc"": -0.003850400602570508, ""pref_idade_tse"": -0.00022234596641703696, ""pref_escola"": -0.004917259423152863, ""party_d1"": -0.022338109678638148, ""party_d3"": 0.031253567519209234, ""party_d4"": -0.02908862533246182, ""party_d5"": -0.004419659850610392, ""party_d6"": -0.04266775547051223, ""party_d8"": 0.07303668664739169, ""party_d9"": 0.019687559400631927, ""party_d10"": -0.038479472063636846, ""party_d11"": -0.05371828608138876, ""party_d12"": -0.022547091794404214, ""party_d13"": -0.0802707686611902, ""party_d15"": -0.05489631844772291, ""party_d17"": -0.003349596174389704, ""party_d18"": -0.01236030718992178, ""lpop"": -0.012704847948103393, ""purb"": 0.037982896498237134, ""p_secundario"": 0.06586716573206479, ""mun_novo"": -0.005168233361337118, ""lpib02"": -0.011911639057596662, ""gini_ipea"": -0.14583884595239469, ""lrec_trans"": 0.008746549071143079, ""p_cad_pref"": -0.1504424886874967, ""vereador_eleit"": -8.06806557998802, ""ENLP2000"": -0.007075494965805039, ""comarca"": -0.04052116696783258, ""sorteio1"": -0.03588075980049439, ""sorteio2"": -0.08561437955914304, ""sorteio3"": -0.05202716404132498, ""sorteio4"": -0.02002589160624709, ""sorteio5"": -0.026452982271853918, ""sorteio6"": -0.04558737079194249, ""sorteio7"": -0.026139875939340845, ""sorteio8"": -0.030376995400204096, ""sorteio9"": -0.025762258971588896}",uf,base + quadratic spline,,OLS,esample2==1,"Table 6, Col 6."
112431-V1,20,pcorrupt,first,-0.02752124,0.02927971,0.34812618,-0.08490947,0.02986698,328,0.282759,,,close,"{""first"": -0.027521244106256677, ""running"": 0.21876708334048753, ""spline1"": -0.2003803159482638, ""running2"": -0.6059363266330474, ""running3"": 0.39096525961155576, ""spline2"": 1.6716573316555263, ""spline3"": 1.4699512654719322, ""pref_masc"": 0.0004095420658523683, ""pref_idade_tse"": -0.0002604881591822216, ""pref_escola"": -0.005104780971762612, ""party_d1"": -0.021929616291611203, ""party_d3"": 0.036211331075864044, ""party_d4"": -0.0286936289589505, ""party_d5"": -0.004414929921068409, ""party_d6"": -0.04223949053631611, ""party_d8"": 0.07538771405559846, ""party_d9"": 0.02086031535366261, ""party_d10"": -0.043427323590992384, ""party_d11"": -0.05497227742275874, ""party_d12"": -0.021613681328777393, ""party_d13"": -0.0717027030766766, ""party_d15"": -0.051296448859474916, ""party_d17"": -0.0051295316685077115, ""party_d18"": -0.01579143025205742, ""lpop"": -0.012989762949954327, ""purb"": 0.03806662030825936, ""p_secundario"": 0.07874796324575582, ""mun_novo"": -0.005965297234047536, ""lpib02"": -0.0116370285191331, ""gini_ipea"": -0.14730815520825463, ""lrec_trans"": 0.0071081882248603566, ""p_cad_pref"": -0.1513124843026335, ""vereador_eleit"": -9.300668959651233, ""ENLP2000"": -0.007457692129186147, ""comarca"": -0.04081360768908247, ""sorteio1"": -0.032905569293479944, ""sorteio2"": -0.08579148306295148, ""sorteio3"": -0.04973649154625696, ""sorteio4"": -0.021619696333972285, ""sorteio5"": -0.025801664981632555, ""sorteio6"": -0.0448525475909575, ""sorteio7"": -0.02583646605497339, ""sorteio8"": -0.03185700085848283, ""sorteio9"": -0.024518313382125997}",uf,base + cubic spline,,OLS,esample2==1,"Table 6, Col 7."
112431-V1,21,pcorrupt,first,-0.03983679,0.01339159,0.00322158,-0.06608431,-0.01358928,312,0.267336,,,close,"{""first"": -0.039836793193478576, ""pref_masc"": -0.034325049905032955, ""pref_idade_tse"": -0.0010397511120573588, ""pref_escola"": -0.007226111415889982, ""party_d1"": -0.013391223228990355, ""party_d3"": 0.014199798946606983, ""party_d4"": -0.016727948493266954, ""party_d5"": 0.001309672982760954, ""party_d6"": -0.02007067970594697, ""party_d7"": -0.02321647709680729, ""party_d8"": 0.10948110889723663, ""party_d9"": -0.03630614528534033, ""party_d11"": -0.05333665555360125, ""party_d12"": -0.006560418401802332, ""party_d13"": 0.027331841551237374, ""party_d15"": -0.03191881480442578, ""party_d17"": 0.01526170749539848, ""party_d18"": 0.025931917038260015, ""lpop"": 0.0009141874820371744, ""purb"": 0.04368731151266183, ""p_secundario"": 0.02832705259624409, ""mun_novo"": 0.001388647691064741, ""lpib02"": -0.0025658424957376177, ""gini_ipea"": -0.19377479001491496, ""lrec_trans"": -0.0130825853486197, ""lfunc_ativ"": 0.00016847028009140812, ""p_cad_pref"": -0.06985034753379574, ""vereador_eleit"": 2.3631808258632505, ""ENLP2000"": 0.0066857639092242445, ""comarca"": -0.008807939859473677, ""sorteio1"": -0.01512464447523502, ""sorteio2"": -0.04161609240143504, ""sorteio3"": -0.03126333261955627, ""sorteio4"": 0.0069570600929520264, ""sorteio5"": -0.0018276339923726105, ""sorteio6"": -0.024928228964852465, ""sorteio7"": -0.010207238485107434, ""sorteio8"": 0.003349517188218848, ""sorteio9"": 0.0009151707313937483}",uf,full controls,,OLS,esample2==1 & experience2==1,"Table 7, Col 1."
112431-V1,22,pcorrupt,first,-0.03351884,0.01774217,0.06012611,-0.0682935,0.00125582,294,0.285186,,,close,"{""first"": -0.03351883567307549, ""pref_masc"": -0.00942363361158908, ""pref_idade_tse"": -0.000996089565960366, ""pref_escola"": -0.006665225558885838, ""party_d1"": -0.014110285197954502, ""party_d3"": 0.020592233364945974, ""party_d4"": -0.020469610662698208, ""party_d5"": -0.01214087017975783, ""party_d6"": -0.04437576030279734, ""party_d8"": 0.05662952169439672, ""party_d9"": -0.00379327884998447, ""party_d11"": -0.0661404400724273, ""party_d12"": -0.03211969779747836, ""party_d13"": -0.11661380812445801, ""party_d14"": -0.12443764847874968, ""party_d15"": -0.026202093627272303, ""party_d16"": 0.13502918857903046, ""party_d17"": 0.013521096936608528, ""party_d18"": -0.014458331158746448, ""lpop"": -0.010934056463739149, ""purb"": 0.03523145335719916, ""p_secundario"": 0.0829540165327423, ""mun_novo"": 0.011796526905915648, ""lpib02"": -0.004958310426241655, ""gini_ipea"": -0.2885944224371744, ""lrec_trans"": -0.034669311223637214, ""lfunc_ativ"": 0.049674811903939936, ""p_cad_pref"": -0.15163841409872283, ""vereador_eleit"": 0.9008776536963334, ""ENLP2000"": -0.0060030663015655, ""comarca"": -0.008630115787580096, ""sorteio1"": -0.052329073048953345, ""sorteio2"": -0.08691318102732445, ""sorteio3"": -0.0695600838404553, ""sorteio4"": -0.03483948715083428, ""sorteio5"": -0.047028992570753644, ""sorteio6"": -0.06748425323667079, ""sorteio7"": -0.06149460635643779, ""sorteio8"": -0.039521537941932555, ""sorteio9"": -0.04327905638739649}",uf,full controls,,OLS,esample2==1 & experience3==1,"Table 7, Col 2."
112431-V1,23,pcorrupt,first,-0.02726239,0.01192319,0.02273787,-0.05063184,-0.00389293,476,0.205444,,,close,"{""first"": -0.027262385082804753, ""exp_prefeito"": -0.006667110148902113, ""pref_masc"": -0.026784515943693462, ""pref_idade_tse"": -0.0003150337059824781, ""pref_escola"": -0.003597257441791703, ""party_d1"": -0.0041232911990102305, ""party_d3"": 0.007343232332517151, ""party_d4"": 0.0016246402231738766, ""party_d5"": 0.016644563756130912, ""party_d6"": -0.017710394651179927, ""party_d7"": -0.007237686390351772, ""party_d8"": 0.13614742975361527, ""party_d9"": 0.024498309187495525, ""party_d10"": -0.03440723117626653, ""party_d11"": -0.028725186568773493, ""party_d12"": -0.007096918546143059, ""party_d13"": -0.0072281744230085, ""party_d14"": -0.033568878617933506, ""party_d15"": -0.02730661968415231, ""party_d16"": 0.16477302528091906, ""party_d17"": 0.00022861693509347068, ""party_d18"": 0.011305749176796756, ""lpop"": -0.011759726151173256, ""purb"": 0.023526180821519332, ""p_secundario"": 0.10982512579516801, ""mun_novo"": 0.00031623099295000214, ""lpib02"": -0.003294533482806206, ""gini_ipea"": -0.17781575518990006, ""lrec_trans"": -0.022100722817336323, ""lfunc_ativ"": 0.017302816822828745, ""p_cad_pref"": -0.07815656821413336, ""vereador_eleit"": -7.152894755879465, ""ENLP2000"": -0.001653862965028912, ""comarca"": -0.008239931491185614, ""sorteio1"": -0.02563269208106064, ""sorteio2"": -0.06066531529593124, ""sorteio3"": -0.02660469933697553, ""sorteio4"": -0.006652573909155065, ""sorteio5"": -0.028923307913867508, ""sorteio6"": -0.03658492030834445, ""sorteio7"": -0.022346758437914956, ""sorteio8"": -0.02224661439118569, ""sorteio9"": -0.022127998486558588}",uf,full controls + exp_prefeito,,OLS,esample2==1,"Table 7, Col 3."
112431-V1,24,pcorrupt,first,-0.02990674,0.0119245,0.01253061,-0.05327876,-0.00653472,476,0.206265,-0.03,0.012,exact,"{""first"": -0.029906738119088113, ""nexp"": 0.007767103177056488, ""nexp2"": -0.0015085721219552535, ""pref_masc"": -0.02897133312816879, ""pref_idade_tse"": -0.00045114115685443624, ""pref_escola"": -0.0036072968871864743, ""party_d1"": -0.003729990111625582, ""party_d3"": 0.007409668031514438, ""party_d4"": 0.0027889975847058546, ""party_d5"": 0.016745850828523676, ""party_d6"": -0.017950404514851664, ""party_d7"": -0.016447307316990335, ""party_d8"": 0.13044529775425873, ""party_d9"": 0.025609427903840187, ""party_d10"": -0.0361860094167767, ""party_d11"": -0.028825169683781623, ""party_d12"": -0.009403385074944006, ""party_d13"": -0.007108979983086148, ""party_d14"": -0.03144081290477458, ""party_d15"": -0.026705071079588066, ""party_d16"": 0.15442773105478166, ""party_d17"": -0.0011462806947708764, ""party_d18"": 0.012707220754609496, ""lpop"": -0.013763509133378713, ""purb"": 0.020165956160894154, ""p_secundario"": 0.12123206137354414, ""mun_novo"": 0.0005227509025374814, ""lpib02"": -0.004014998004907774, ""gini_ipea"": -0.17385826751678318, ""lrec_trans"": -0.02078326833029944, ""lfunc_ativ"": 0.01832694647423058, ""p_cad_pref"": -0.08385939975205277, ""vereador_eleit"": -6.9093579997838654, ""ENLP2000"": -0.002196622539761265, ""comarca"": -0.008039869199721831, ""sorteio1"": -0.02500808674635628, ""sorteio2"": -0.060604763081980983, ""sorteio3"": -0.0270625886388257, ""sorteio4"": -0.00618677551734471, ""sorteio5"": -0.03029934621143286, ""sorteio6"": -0.03713120399773744, ""sorteio7"": -0.02254887747265685, ""sorteio8"": -0.022436759866317775, ""sorteio9"": -0.022130225150253216}",uf,full controls + nexp + nexp2,,OLS,esample2==1,"Table 7, Col 4."
112431-V1,25,pcorrupt,first,-0.03801104,0.01392934,0.00686716,-0.06531255,-0.01070952,286,0.303646,,,close,"{""first"": -0.03801103581737381, ""pref_masc"": -0.03204298816053887, ""pref_idade_tse"": -0.0007257513190027056, ""pref_escola"": -0.004700512438944034, ""party_d1"": -0.026204264373482153, ""party_d3"": -0.0030326153281539587, ""party_d4"": -0.033029831337737424, ""party_d5"": -0.019475283649465533, ""party_d6"": -0.027932170344918655, ""party_d7"": -0.02825755023069968, ""party_d9"": -0.013555912587045192, ""party_d10"": -0.01886442692173864, ""party_d11"": -0.04817536593526518, ""party_d12"": -0.016710483981494505, ""party_d13"": -0.12791149968279375, ""party_d15"": -0.07131322243757487, ""party_d16"": 0.13650318236236608, ""party_d17"": -0.005890353187151346, ""party_d18"": -0.00010261207542002857, ""lpop"": 0.00712291558489931, ""purb"": 0.017520774774703672, ""p_secundario"": 0.03984325338458206, ""mun_novo"": 0.0008592119574656847, ""lpib02"": -0.0017828084002619077, ""gini_ipea"": -0.18402138075581084, ""lrec_trans"": -0.02605994326746314, ""lfunc_ativ"": 0.025686340507665047, ""p_cad_pref"": -0.11915856471052422, ""vereador_eleit"": 8.7104547636951, ""ENLP2000"": -0.0015798021421647268, ""comarca"": -0.021008777173369343, ""sorteio1"": -0.03135132418588176, ""sorteio2"": -0.07144862224993623, ""sorteio3"": -0.054736638524552454, ""sorteio4"": -0.011265902564586473, ""sorteio5"": -0.03023199473765897, ""sorteio6"": -0.03204391531145893, ""sorteio7"": -0.04747304987555783, ""sorteio8"": -0.006470822487359035, ""sorteio9"": -0.013389229347217885}",uf,full controls,,OLS,esample2==1 & experience1==1,"Table 7, Col 5."
112431-V1,26,pcorrupt,first,-0.02653494,0.01657302,0.1106503,-0.05901807,0.00594818,310,0.289809,,,close,"{""first"": -0.0265349435220976, ""pref_masc"": -0.07331547812636319, ""pref_idade_tse"": -0.0011050567653205893, ""pref_escola"": -0.007144196875052755, ""party_d1"": -0.015749321948836745, ""party_d3"": 0.005921810446662096, ""party_d4"": -0.01500328773324653, ""party_d5"": 0.002620519020434941, ""party_d6"": -0.019299776044983827, ""party_d7"": -0.03453439341471792, ""party_d8"": 0.07672215587472857, ""party_d9"": -0.0023553851031400492, ""party_d10"": -0.004166430744292433, ""party_d11"": -0.03646787668446283, ""party_d12"": -0.01596081684642317, ""party_d13"": -0.09067934827737445, ""party_d15"": -0.049079646086814525, ""party_d16"": 0.1473734123589178, ""party_d17"": -0.0006798189744948131, ""party_d18"": 0.007096287407324963, ""lpop"": -0.004562047416856011, ""purb"": -0.002649752071395312, ""p_secundario"": 0.18454625198931865, ""mun_novo"": 0.00789685443259608, ""lpib02"": 0.0007190655040226081, ""gini_ipea"": -0.30221817831653264, ""lrec_trans"": -0.029848026249073432, ""lfunc_ativ"": 0.035758985271088374, ""p_cad_pref"": -0.13274891673864905, ""vereador_eleit"": -3.735835782029514, ""ENLP2000"": -0.005314833456324828, ""comarca"": -0.017189994256374845, ""sorteio1"": -0.04691785998919618, ""sorteio2"": -0.07771361043645109, ""sorteio3"": -0.0495103966123149, ""sorteio4"": -0.023767357053378773, ""sorteio5"": -0.044043122201650124, ""sorteio6"": -0.04905652153954171, ""sorteio7"": -0.06056028800576044, ""sorteio8"": -0.019213671571414744, ""sorteio9"": -0.01955076173899287}",uf,full controls,,OLS,first==0 or experienced first-term mayors,"Table 7, Col 6. vereador96 not in data; used vereador9600 as proxy"
112431-V1,27,pmismanagement,first,0.05364761,0.10156192,0.59773325,-0.14541375,0.25270897,366,0.439355,,,close,"{""first"": 0.05364760872797002, ""pref_masc"": -0.3198826876111045, ""pref_idade_tse"": 0.0053878975475068905, ""pref_escola"": -0.04065562530876038, ""party_d1"": -0.08149536743374798, ""party_d3"": -0.47517120601392476, ""party_d4"": -0.2868046579220847, ""party_d5"": 0.09325829470355332, ""party_d6"": 0.2457412604779883, ""party_d8"": 1.0328175738664847, ""party_d9"": 0.228663284141513, ""party_d10"": -0.18068622922910021, ""party_d11"": 0.09021921193487484, ""party_d12"": -0.13420141595721213, ""party_d13"": 0.3000472746705292, ""party_d14"": -0.4010263190739671, ""party_d15"": -0.14972565865024906, ""party_d16"": -0.5751541287388922, ""party_d17"": -0.40797440747711267, ""lpop"": -0.0020722714668551076, ""purb"": -0.0777772896406277, ""p_secundario"": -1.6708187420898302, ""mun_novo"": 0.03281108714343866, ""lpib02"": 0.0871110467911705, ""gini_ipea"": -0.7057563523265408, ""lrec_trans"": -0.10479381443413943, ""lfunc_ativ"": 0.005873231335640199, ""p_cad_pref"": 0.031981552023702446, ""vereador_eleit"": -56.154895138184855, ""ENLP2000"": 0.026160410232573133, ""comarca"": 0.14185596791757413, ""sorteio1"": -0.5706143976988086, ""sorteio2"": -0.5386351714020968, ""sorteio3"": -0.3533515347769986, ""sorteio4"": -0.007365887379249299, ""sorteio5"": 0.4732861668345257, ""sorteio6"": 1.0377302568645974, ""sorteio7"": -0.2288302646063354, ""sorteio8"": 0.8982593924862865, ""sorteio9"": 0.7408386522764634}",uf,full controls,,OLS,esample2==1,"Table 8, Col 1."
112431-V1,28,pmismanagement,first,0.06851679,0.15045618,0.64937489,-0.22637732,0.3634109,242,0.497357,,,close,"{""first"": 0.06851679027479675, ""pref_masc"": -0.4284182404192051, ""pref_idade_tse"": 0.019398759469572074, ""pref_escola"": -0.058081938298964915, ""party_d1"": -0.25519066941465873, ""party_d3"": -0.19808775550527818, ""party_d4"": -0.4734362334771371, ""party_d5"": -0.2042111925091389, ""party_d6"": 0.04070030626081967, ""party_d8"": 1.5155338256768336, ""party_d9"": 0.2746717189427437, ""party_d11"": 0.09094091222253864, ""party_d12"": -0.13660158092580327, ""party_d13"": 0.507762151451551, ""party_d15"": -0.060065945471333274, ""party_d17"": -0.5086670696918408, ""lpop"": -0.0015047195170644796, ""purb"": -0.24762747068093693, ""p_secundario"": -1.9133226599114277, ""mun_novo"": 0.05840236001890899, ""lpib02"": 0.21844368484272172, ""gini_ipea"": 0.982336100719555, ""lrec_trans"": -0.2943815828558119, ""lfunc_ativ"": 0.3343843567496723, ""p_cad_pref"": 0.058405775201986136, ""vereador_eleit"": 48.41727886735276, ""ENLP2000"": 0.05185596020978999, ""comarca"": 0.0898097017561594, ""sorteio1"": -0.23634094217140025, ""sorteio2"": -0.3890422073918, ""sorteio3"": -0.29395006825155073, ""sorteio4"": -0.0471205966957061, ""sorteio5"": 0.4739345646101732, ""sorteio6"": 1.1758432983451295, ""sorteio7"": -0.3836223233024392, ""sorteio8"": 1.2692004495286506, ""sorteio9"": 0.9711052834355575}",uf,full controls,,OLS,esample2==1 & experience2==1,"Table 8, Col 2."
112431-V1,29,pmismanagement,first,0.08770942,0.17972158,0.62621865,-0.26454488,0.43996371,218,0.492258,,,close,"{""first"": 0.08770941734774011, ""pref_masc"": -0.478208031945331, ""pref_idade_tse"": 0.007285541564216583, ""pref_escola"": -0.07135078634216331, ""party_d1"": -0.8277595693034917, ""party_d3"": -0.4376514206085002, ""party_d4"": -0.37463295411051317, ""party_d5"": 0.061690377155655826, ""party_d6"": -0.2466306857097378, ""party_d9"": 0.45853129384235575, ""party_d10"": -2.0387107613772133, ""party_d11"": -0.10510500656368632, ""party_d12"": -0.26921483430617565, ""party_d13"": -1.2974953275915546, ""party_d15"": -0.580323507933898, ""party_d16"": -0.9599834043313719, ""party_d17"": 0.19248933056062018, ""lpop"": 0.22555810922666086, ""purb"": 0.2578941353628594, ""p_secundario"": -1.5513303094411164, ""mun_novo"": 0.05772830043468968, ""lpib02"": 0.025613046404952582, ""gini_ipea"": 2.071254196931396, ""lrec_trans"": 0.06299152457624829, ""lfunc_ativ"": -0.1385833197141023, ""p_cad_pref"": -0.4475579631941479, ""vereador_eleit"": 100.08754062035462, ""ENLP2000"": -0.070368378760379, ""comarca"": -0.21607932812918826, ""sorteio1"": -0.9929791923188286, ""sorteio2"": -1.047518631950664, ""sorteio3"": -0.9432346788982021, ""sorteio4"": -0.6728628578539352, ""sorteio5"": 0.09357910880716873, ""sorteio6"": 0.6209351112115628, ""sorteio7"": -1.3410980982471947, ""sorteio8"": 0.6578790363081669, ""sorteio9"": 0.22084396348747498}",uf,full controls,,OLS,esample2==1 & experience1==1,"Table 8, Col 3."
112431-V1,30,pcorrupt,first,-0.03591376,0.0127454,0.00515677,-0.06089474,-0.01093278,366,0.283167,,,close,"{""first"": -0.035913759196622506, ""pref_masc"": -0.03549032082963861, ""pref_idade_tse"": -0.0006300947558556897, ""pref_escola"": -0.005865004190305702, ""party_d1"": -0.02013605178399301, ""party_d3"": 0.008801632586832895, ""party_d4"": -0.009246458946084501, ""party_d5"": -0.0029205012918087636, ""party_d6"": -0.041029848463890996, ""party_d8"": 0.12060818219491254, ""party_d9"": 0.018158732880478045, ""party_d10"": -0.030765483707609103, ""party_d11"": -0.06396019085434883, ""party_d12"": -0.01154557648447853, ""party_d13"": -0.13357129015179656, ""party_d14"": -0.00886843379491611, ""party_d15"": -0.046415333052087934, ""party_d16"": 0.13070842082550982, ""party_d17"": 0.000608631464965524, ""lpop"": -0.022448287780270956, ""purb"": 0.04306233424810675, ""p_secundario"": 0.07209053343519144, ""mun_novo"": -0.003599366180854887, ""lpib02"": -0.003401351711465913, ""gini_ipea"": -0.17733036925473405, ""lrec_trans"": -0.017327927592655716, ""lfunc_ativ"": 0.03204961727313244, ""p_cad_pref"": -0.042211624749584654, ""vereador_eleit"": -2.3251920351191675, ""ENLP2000"": 0.005240153370069887, ""comarca"": -0.011520252942313068, ""sorteio1"": -0.07036216504801246, ""sorteio2"": -0.1070313702911179, ""sorteio3"": -0.07555850494174046, ""sorteio4"": -0.0477102184640269, ""sorteio5"": -0.07688309289011001, ""sorteio6"": -0.08365261735045625, ""sorteio7"": 0.18670726156156, ""sorteio8"": -0.06899307515031043, ""sorteio9"": -0.0673773412909772}",uf,full controls,,OLS,esample2==1 & pmismanagement non-missing,"Table 8, Col 4. DV=pcorrupt on pmismanagement sample"
112431-V1,31,dconvenios,tr_ano2004,0.13962603,0.04850676,0.00417609,0.04455278,0.23469928,1904,0.127554,,,close,"{""Intercept"": 0.024003724558010798, ""tr_ano2004"": 0.13962603380079228, ""tr_ano2003"": 0.10489032722042536, ""tr_ano2002"": 0.08018698309960509, ""first"": -0.05843462110934131, ""ano2002"": 0.06796116504854302, ""ano2003"": -0.1456310679611659, ""ano2004"": -0.13592233009708854, ""pref_masc"": -0.04553184634961448, ""pref_idade_tse"": -0.0008818692122482415, ""pref_escola"": 0.007238221131568833, ""party_d1"": 0.03402543757781199, ""party_d3"": -0.09964072383202828, ""party_d4"": 0.015655091934739972, ""party_d5"": 0.04218644306074532, ""party_d6"": 0.04287562570511037, ""party_d7"": -0.3349686723168211, ""party_d8"": -0.2958519102695623, ""party_d9"": -0.1014920138061477, ""party_d10"": -0.12983007636664107, ""party_d11"": -0.05905303672056459, ""party_d12"": 0.02639428137040583, ""party_d13"": -0.220662007881109, ""party_d14"": 0.01766453122090032, ""party_d15"": 0.10863649002732488, ""party_d16"": -0.26108557898039886, ""party_d17"": 0.09357419698881017, ""party_d18"": 0.054583766750034006, ""lpop"": 0.06687182516706096, ""purb"": -0.008366409853293988, ""p_secundario"": 0.46101061642417757, ""mun_novo"": 0.005185206909812616, ""lpib02"": -0.014242103719909053, ""gini_ipea"": 0.27434503716384795, ""p_cad_pref"": -0.03864521881976447, ""vereador_eleit"": 9.453040087869363, ""ENLP2000"": -0.009920433960335304, ""comarca"": 0.012290954793579011}",,pooled OLS + year dummies + controls,cod_ibge6,OLS,esample2==1,"Table 9A, Col 1."
112431-V1,32,dconvenios,tr_ano2004,0.13194315,0.04893402,0.00725941,0.03603247,0.22785382,1904,0.447246,,,close,"{""tr_ano2002"": 0.07762575559733093, ""tr_ano2003"": 0.0997683736415444, ""tr_ano2004"": 0.1319431475505998, ""ano2002"": -0.05968591288696528, ""ano2003"": -0.40092530357397055, ""ano2004"": -0.5188641784070429, ""ano_lpib02"": -0.003383333341303418, ""ano_purb"": 0.04363588314594895, ""ano_p_secundario"": -0.10051975433607586, ""ano_mun_novo"": 0.02907609863965562, ""ano_gini_ipea"": -0.02020021493625327, ""ano_pref_masc"": 0.017587912085540294, ""ano_pref_idade_tse"": 0.0008669216136894776, ""ano_pref_escola"": 0.010265927805242932, ""ano_p_cad_pref"": -0.05172449092581212, ""ano_vereador_eleit"": 8.082410513081866, ""ano_ENLP2000"": -0.00036599921988363223, ""ano_comarca"": 0.02346887927915172}",cod_ibge6,municipality FE + year + year interactions,cod_ibge6,OLS,esample2==1,"Table 9A, Col 2."
112431-V1,33,lconvenios_pc,tr_ano2004,2.05295551,0.59394559,0.00059645,0.88882214,3.21708887,1904,0.143872,,,close,"{""Intercept"": -6.060058792720929, ""tr_ano2004"": 2.0529555074238286, ""tr_ano2003"": 1.527891235942929, ""tr_ano2002"": 1.3418035549538532, ""first"": -1.1074011861820552, ""ano2002"": 1.3798765184310333, ""ano2003"": -2.3292835100996934, ""ano2004"": -1.8182542158417292, ""pref_masc"": -0.8233601180900709, ""pref_idade_tse"": -0.018913221241332035, ""pref_escola"": 0.1071772698476382, ""party_d1"": 0.4406006162540807, ""party_d3"": -1.319745530206331, ""party_d4"": 0.040092705381936634, ""party_d5"": 0.4160974088176462, ""party_d6"": 0.4446807449085022, ""party_d7"": -4.159786655614962, ""party_d8"": -3.715231111115896, ""party_d9"": -1.446036293292404, ""party_d10"": -1.9142563232751415, ""party_d11"": -1.1429676962839581, ""party_d12"": 0.058902743896669864, ""party_d13"": -3.2538513784554493, ""party_d14"": 1.1914428655884206, ""party_d15"": 1.7808696992207025, ""party_d16"": -2.911908976224985, ""party_d17"": 1.1095057126845644, ""party_d18"": 1.1242611646085354, ""lpop"": 0.33736017645408045, ""purb"": -0.02307167921954296, ""p_secundario"": 5.526438515989452, ""mun_novo"": 0.25491366279323435, ""lpib02"": -0.3891647215663198, ""gini_ipea"": 5.800073071611919, ""p_cad_pref"": -0.48553608827230177, ""vereador_eleit"": 293.0004095039923, ""ENLP2000"": -0.04575594032964946, ""comarca"": 0.28007791165154206}",,pooled OLS + year dummies + controls,cod_ibge6,OLS,esample2==1,"Table 9B, Col 3."
112431-V1,34,lconvenios_pc,tr_ano2004,2.00169461,0.59501935,0.00083014,0.83545669,3.16793254,1904,0.483869,,,close,"{""tr_ano2002"": 1.3247119750666239, ""tr_ano2003"": 1.4937173312828196, ""tr_ano2004"": 2.0016946146797134, ""ano2002"": 0.35876855957028875, ""ano2003"": -4.371500124901429, ""ano2004"": -4.881584115144454, ""ano_lpib02"": 0.0011176973003053123, ""ano_purb"": 0.5372296531061165, ""ano_p_secundario"": -1.091152546527357, ""ano_mun_novo"": 0.3266021650283158, ""ano_gini_ipea"": -0.8254589587076175, ""ano_pref_masc"": 0.22082029522204563, ""ano_pref_idade_tse"": 0.010485719239190035, ""ano_pref_escola"": 0.11266134602416511, ""ano_p_cad_pref"": -0.5669101076119103, ""ano_vereador_eleit"": 82.64633007520717, ""ano_ENLP2000"": -0.024903279263841012, ""ano_comarca"": 0.2295976416891147}",cod_ibge6,municipality FE + year + year interactions,cod_ibge6,OLS,esample2==1,"Table 9B, Col 4."
112431-V1,35,msh_liberado,tr_ano2004,0.15839491,0.04962908,0.00150876,0.06112192,0.2556679,1903,0.123817,,,close,"{""Intercept"": -0.0584915920525223, ""first"": -0.06079780992858101, ""tr_ano2002"": 0.043025672559534406, ""tr_ano2003"": 0.11772014562794678, ""tr_ano2004"": 0.15839491048089874, ""ano2002"": -0.0037121924671150073, ""ano2003"": -0.19605561150509138, ""ano2004"": -0.22840281033400267, ""pref_masc"": -0.06018083341683656, ""pref_idade_tse"": -0.0005689571152090784, ""pref_escola"": 0.01042599956605496, ""party_d1"": 0.034522412797194646, ""party_d3"": -0.09779802073340277, ""party_d4"": 0.032838824206886746, ""party_d5"": 0.06164496497848249, ""party_d6"": 0.06888329360481855, ""party_d7"": -0.2996131422828126, ""party_d8"": -0.2670635647478585, ""party_d9"": -0.1141337476527267, ""party_d10"": -0.10747624479315056, ""party_d11"": -0.08264140197386616, ""party_d12"": 0.03428712054136148, ""party_d13"": -0.2275669134729949, ""party_d14"": -0.040072514130588655, ""party_d15"": 0.08003680061809561, ""party_d16"": -0.17972147254289245, ""party_d17"": 0.10736379144736755, ""party_d18"": 0.0671896224535213, ""lpop"": 0.0717730395046748, ""purb"": 0.010287410670998332, ""p_secundario"": 0.4275652759299983, ""mun_novo"": 0.009041899358759282, ""lpib02"": -0.014874433470960064, ""gini_ipea"": 0.2739977591315747, ""p_cad_pref"": -0.0640451998385716, ""vereador_eleit"": 18.784373856497997, ""ENLP2000"": -0.01412346582859885, ""comarca"": 0.021010356772522595}",,pooled OLS + year dummies + controls,cod_ibge6,OLS,esample2==1,"Table 9C, Col 5."
112431-V1,36,msh_liberado,tr_ano2004,0.14338722,0.05081368,0.00497533,0.04379241,0.24298203,1903,0.442205,,,close,"{""tr_ano2002"": 0.038484230531596234, ""tr_ano2003"": 0.10863746456094651, ""tr_ano2004"": 0.1433872224666398, ""ano2002"": -0.14760476089081, ""ano2003"": -0.4838403078197589, ""ano2004"": -0.660080937725139, ""ano_lpib02"": -0.0052599844612124, ""ano_purb"": 0.018866669892926718, ""ano_p_secundario"": -0.022932015783650943, ""ano_mun_novo"": 0.026925208103462252, ""ano_gini_ipea"": -0.0063602870194770155, ""ano_pref_masc"": 0.014635613197962414, ""ano_pref_idade_tse"": 0.0010643842887695502, ""ano_pref_escola"": 0.010515649065927892, ""ano_p_cad_pref"": -0.07812410079667051, ""ano_vereador_eleit"": 14.875784039971442, ""ano_ENLP2000"": -0.002004377938333345, ""ano_comarca"": 0.026817720895906675}",cod_ibge6,municipality FE + year + year interactions,cod_ibge6,OLS,esample2==1,"Table 9C, Col 6."
112431-V1,37,pcorrupt,first,-0.04885356,0.01737802,0.00517384,-0.08291448,-0.01479264,476,0.211654,,,close,"{""first"": -0.04885355666840957, ""first_comarca"": 0.03672746666115077, ""pref_masc"": -0.031151236252648692, ""pref_idade_tse"": -0.00034310101938428113, ""pref_escola"": -0.0040526316234203216, ""party_d1"": -0.0034600952275751686, ""party_d3"": 0.009184556724862951, ""party_d4"": 0.0032117046923909854, ""party_d5"": 0.019519053897756145, ""party_d6"": -0.015345092109854259, ""party_d7"": -0.013115446456833359, ""party_d8"": 0.14732202122470983, ""party_d9"": 0.026507720388080944, ""party_d10"": -0.029612968731625475, ""party_d11"": -0.02549265276839632, ""party_d12"": -0.005289422204332321, ""party_d13"": -0.004735744079092786, ""party_d14"": -0.01891959630727913, ""party_d15"": -0.024997410246027064, ""party_d16"": 0.16680856253751544, ""party_d17"": 0.0003255238682889553, ""party_d18"": 0.02466053113705789, ""lpop"": -0.01135457751658931, ""purb"": 0.02231895179414006, ""p_secundario"": 0.10757108221696332, ""mun_novo"": -0.0026281852270713534, ""lpib02"": -0.0032888671301666617, ""gini_ipea"": -0.18908466355535888, ""lrec_trans"": -0.0219069505546817, ""lfunc_ativ"": 0.017051390737796983, ""p_cad_pref"": -0.08752166471656438, ""vereador_eleit"": -7.400968834345508, ""ENLP2000"": -0.0028550013216267086, ""comarca"": -0.028593156010926227, ""sorteio1"": -0.0216319520854389, ""sorteio2"": -0.061440235189106095, ""sorteio3"": -0.023542861081331082, ""sorteio4"": -0.005221223905769643, ""sorteio5"": -0.02915447294518102, ""sorteio6"": -0.032665570504014446, ""sorteio7"": -0.023633557068744874, ""sorteio8"": -0.021553712700153153, ""sorteio9"": -0.019664515687384466}",uf,full controls + first*comarca,,OLS,esample2==1,"Table 10, Col 1."
112431-V1,38,pcorrupt,first,-0.09793681,0.02937683,0.00093532,-0.15551539,-0.04035823,476,0.225115,,,close,"{""first"": -0.0979368057327564, ""first_media2"": 0.08353930786107296, ""media2"": -0.05145309911411699, ""pref_masc"": -0.032120676897815816, ""pref_idade_tse"": -0.00030866722203664763, ""pref_escola"": -0.0033058962242407085, ""party_d1"": -0.0026965493035823636, ""party_d3"": 0.003906379055772066, ""party_d4"": 0.0037043411406867096, ""party_d5"": 0.01899740447456025, ""party_d6"": -0.011918332461550699, ""party_d7"": -0.016111743907668948, ""party_d8"": 0.1654210893662506, ""party_d9"": 0.029253586782680856, ""party_d10"": -0.03437527480580738, ""party_d11"": -0.020792138689110326, ""party_d12"": -0.005139231072067822, ""party_d13"": -0.0031262796084112203, ""party_d14"": -0.02685226712059722, ""party_d15"": -0.017173617925201775, ""party_d16"": 0.16300562277428016, ""party_d17"": -0.0007644416180991885, ""party_d18"": 0.017485945376209767, ""lpop"": -0.016837324003652947, ""purb"": 0.028490558695540187, ""p_secundario"": 0.12267781810518687, ""mun_novo"": 2.052244918046578e-05, ""lpib02"": -0.0042296489964973065, ""gini_ipea"": -0.18530289446054715, ""lrec_trans"": -0.020667210273021208, ""lfunc_ativ"": 0.017859579841625044, ""p_cad_pref"": -0.07566239130263075, ""vereador_eleit"": -10.35310729775803, ""ENLP2000"": -0.002586284756645363, ""comarca"": -0.004869681349980356, ""sorteio1"": -0.017669888203137626, ""sorteio2"": -0.059643286777032505, ""sorteio3"": -0.022184681268519427, ""sorteio4"": -0.003974372184861897, ""sorteio5"": -0.03010620789537205, ""sorteio6"": -0.03575240993860748, ""sorteio7"": -0.02280492413484481, ""sorteio8"": -0.02021868426885828, ""sorteio9"": -0.015165186569532366}",uf,full controls + first*media2,,OLS,esample2==1,"Table 10, Col 2."
112431-V1,39,pcorrupt,first,-0.06626893,0.02542442,0.00948292,-0.1161008,-0.01643707,476,0.211272,,,close,"{""first"": -0.06626893464267163, ""first_p_cad_pref"": 0.11885969029095435, ""pref_masc"": -0.03144838465537527, ""pref_idade_tse"": -0.00048251985442221846, ""pref_escola"": -0.0036080094916034213, ""party_d1"": -0.0006191204062715505, ""party_d3"": 0.011438907423094984, ""party_d4"": 0.005529718957935712, ""party_d5"": 0.02109160380864915, ""party_d6"": -0.0145410721494645, ""party_d7"": -0.009198871252846817, ""party_d8"": 0.14672367190009417, ""party_d9"": 0.03375561034615741, ""party_d10"": -0.026650254446499277, ""party_d11"": -0.028353847470437395, ""party_d12"": -0.004550032761607905, ""party_d13"": 0.0011222538005654366, ""party_d14"": -0.021728752340835357, ""party_d15"": -0.02056954271090652, ""party_d16"": 0.18252901493637116, ""party_d17"": 0.002513106076175818, ""party_d18"": 0.016951607683643757, ""lpop"": -0.014578700877975956, ""purb"": 0.024274027575668503, ""p_secundario"": 0.09656684979608585, ""mun_novo"": 0.0023901652126274444, ""lpib02"": -0.003023667776813943, ""gini_ipea"": -0.16717972051865757, ""lrec_trans"": -0.017897152520908902, ""lfunc_ativ"": 0.0167890731251649, ""p_cad_pref"": -0.13769353224871234, ""vereador_eleit"": -7.718682571816762, ""ENLP2000"": -0.001161525347922527, ""comarca"": -0.007922543206868658, ""sorteio1"": -0.030555944751567844, ""sorteio2"": -0.06260638353189471, ""sorteio3"": -0.02896206346942648, ""sorteio4"": -0.008298166241690528, ""sorteio5"": -0.028463778896575063, ""sorteio6"": -0.037563693016118435, ""sorteio7"": -0.02243652271088511, ""sorteio8"": -0.023677016792433666, ""sorteio9"": -0.021331388325437472}",uf,full controls + first*p_cad_pref,,OLS,esample2==1,"Table 10, Col 3."
112431-V1,40,pcorrupt,first,-0.04495498,0.02216791,0.04321663,-0.08840408,-0.00150588,476,0.20653,,,close,"{""first"": -0.044954982500464105, ""first_h_ENEP2000"": 0.07863920281484671, ""h_ENEP2000"": -0.14661683234199357, ""pref_masc"": -0.02953580291897588, ""pref_idade_tse"": -0.00043202289983894533, ""pref_escola"": -0.003511130606038827, ""party_d1"": -0.004053270078667374, ""party_d3"": 0.0073972141788930384, ""party_d4"": 0.002745133123398863, ""party_d5"": 0.018995515966106213, ""party_d6"": -0.01818396968574798, ""party_d7"": -0.014887196685234007, ""party_d8"": 0.1468670384857516, ""party_d9"": 0.02725929457767023, ""party_d10"": -0.0360817418588349, ""party_d11"": -0.031622880840629516, ""party_d12"": -0.007320667280439755, ""party_d13"": -0.005863724815971941, ""party_d14"": -0.03069399294794528, ""party_d15"": -0.025030407655923768, ""party_d16"": 0.17543180705422196, ""party_d17"": -0.0017766450543828512, ""party_d18"": 0.010663965352732297, ""lpop"": -0.012114148943316866, ""purb"": 0.022687897037936985, ""p_secundario"": 0.1038748782980983, ""mun_novo"": -0.000758808185939999, ""lpib02"": -0.004857026037680205, ""gini_ipea"": -0.166041669341339, ""lrec_trans"": -0.009656670606520977, ""p_cad_pref"": -0.02937778543947123, ""vereador_eleit"": -8.354872454097952, ""comarca"": -0.007736500064343948, ""sorteio1"": -0.026212149241576273, ""sorteio2"": -0.06133187522304224, ""sorteio3"": -0.02613747728113733, ""sorteio4"": -0.007046972235144684, ""sorteio5"": -0.02708760933563478, ""sorteio6"": -0.03652149588367056, ""sorteio7"": -0.019855788001099592, ""sorteio8"": -0.02233413677279761, ""sorteio9"": -0.01800807247905103}",uf,controls (no ENLP2000/lfunc_ativ) + first*h_ENEP2000,,OLS,esample2==1,"Table 10, Col 4."
112431-V1,41,pcorrupt,first,-0.02967572,0.01421037,0.03739041,-0.05752804,-0.00182341,476,0.204954,,,close,"{""first"": -0.029675722946383036, ""first_sorteio_electyear"": 0.0029287083053332473, ""pref_masc"": -0.028318523753543066, ""pref_idade_tse"": -0.00040054329653336183, ""pref_escola"": -0.00365628796810392, ""party_d1"": -0.003321789729368152, ""party_d3"": 0.007340721954104461, ""party_d4"": 0.002615936412882827, ""party_d5"": 0.0172967507226405, ""party_d6"": -0.017217995934122425, ""party_d7"": -0.010827298416820777, ""party_d8"": 0.13649745195175927, ""party_d9"": 0.025808479177240534, ""party_d10"": -0.034743055194670934, ""party_d11"": -0.02753614109065758, ""party_d12"": -0.007232713437276002, ""party_d13"": -0.006470884307644144, ""party_d14"": -0.03180321588961877, ""party_d15"": -0.02599721912496579, ""party_d16"": 0.16221097508848142, ""party_d17"": 7.522492498586344e-06, ""party_d18"": 0.012764650683534372, ""lpop"": -0.011902014114977615, ""purb"": 0.021701141407734638, ""p_secundario"": 0.11227439718876847, ""mun_novo"": 0.0007950615088147398, ""lpib02"": -0.0034362497316604143, ""gini_ipea"": -0.17841241131876187, ""lrec_trans"": -0.021814271389078727, ""lfunc_ativ"": 0.01737277689677613, ""p_cad_pref"": -0.08099552438276415, ""vereador_eleit"": -6.9728820210403555, ""ENLP2000"": -0.001840233514820106, ""comarca"": -0.007539793135357072, ""sorteio1"": -0.026398872293081722, ""sorteio2"": -0.06064143872019591, ""sorteio3"": -0.026494754503422913, ""sorteio4"": -0.006308786893555864, ""sorteio5"": -0.030961114316609098, ""sorteio6"": -0.03843918265514541, ""sorteio7"": -0.024730811739307905, ""sorteio8"": -0.02467907501717585, ""sorteio9"": -0.022339120391368896}",uf,full controls + first*sorteio_electyear,,OLS,esample2==1,"Table 11A, Col 1."
112431-V1,42,pcorrupt,first,-0.02896464,0.01156707,0.01266809,-0.05163609,-0.00629319,476,0.205115,,,close,"{""first"": -0.02896463822483108, ""first_PT"": 0.022448194190039968, ""pref_masc"": -0.029058653467073425, ""pref_idade_tse"": -0.0003900534312534221, ""pref_escola"": -0.0036275835035990394, ""party_d1"": -0.0026177734205342232, ""party_d3"": 0.007296731121074219, ""party_d4"": 0.002635407096524304, ""party_d5"": 0.017537059467185513, ""party_d6"": -0.017168748032827127, ""party_d7"": -0.009655246242114104, ""party_d8"": 0.1379978554487828, ""party_d9"": 0.02559623045319161, ""party_d10"": -0.03487289012616394, ""party_d11"": -0.02698818107346345, ""party_d12"": -0.007124342958923756, ""party_d13"": -0.0060382879577854705, ""party_d14"": -0.031365880693261634, ""party_d15"": -0.04316888424577771, ""party_d16"": 0.16261535424419338, ""party_d17"": 0.0001020772174257136, ""party_d18"": 0.01360957768048006, ""lpop"": -0.011759993855850888, ""purb"": 0.02163021371336586, ""p_secundario"": 0.11280430340060893, ""mun_novo"": 0.001055083875732055, ""lpib02"": -0.003617926806413435, ""gini_ipea"": -0.1803015392803173, ""lrec_trans"": -0.02168531736264257, ""lfunc_ativ"": 0.01750087103307226, ""p_cad_pref"": -0.08114745632812023, ""vereador_eleit"": -6.851026482171801, ""ENLP2000"": -0.0018649427295485104, ""comarca"": -0.007819660141699297, ""sorteio1"": -0.02639372273551237, ""sorteio2"": -0.059969587900828306, ""sorteio3"": -0.026094900936459175, ""sorteio4"": -0.006277902679462948, ""sorteio5"": -0.02918360429814297, ""sorteio6"": -0.03667387441961639, ""sorteio7"": -0.02300977272768006, ""sorteio8"": -0.022231804430476787, ""sorteio9"": -0.022038446642440097}",uf,full controls + first*PT,,OLS,esample2==1,"Table 11A, Col 2."
112431-V1,43,pcorrupt,first,-0.03225073,0.01361388,0.01830541,-0.05893394,-0.00556752,476,0.20575,,,close,"{""first"": -0.032250731243691155, ""first_samepartygov98"": 0.01240387099632249, ""samepartygov98"": -0.010272451708447147, ""pref_masc"": -0.027682827851560746, ""pref_idade_tse"": -0.00040762030994897814, ""pref_escola"": -0.003774275403788652, ""party_d1"": -0.0024528220003237197, ""party_d3"": 0.005622366087560613, ""party_d4"": 0.0023901649476687076, ""party_d5"": 0.01658601565151613, ""party_d6"": -0.018733141205971963, ""party_d7"": -0.013353750215736628, ""party_d8"": 0.1346042993189633, ""party_d9"": 0.024949999439622565, ""party_d10"": -0.03450292178847946, ""party_d11"": -0.03014772466169007, ""party_d12"": -0.007289319841985081, ""party_d13"": -0.0064301948722912845, ""party_d14"": -0.032225224575629464, ""party_d15"": -0.027211122869035872, ""party_d16"": 0.16371887730046417, ""party_d17"": -0.0008005833363824144, ""party_d18"": 0.010712424073936723, ""lpop"": -0.013172565161713588, ""purb"": 0.021265661791878172, ""p_secundario"": 0.113789663672255, ""mun_novo"": 0.00015477829897267314, ""lpib02"": -0.003449338532438047, ""gini_ipea"": -0.1787632924479272, ""lrec_trans"": -0.021503634677434883, ""lfunc_ativ"": 0.017833995468639195, ""p_cad_pref"": -0.08016564433555404, ""vereador_eleit"": -7.560751559581638, ""ENLP2000"": -0.0016940301706532626, ""comarca"": -0.007850203335071493, ""sorteio1"": -0.026401159495028994, ""sorteio2"": -0.060435441730590185, ""sorteio3"": -0.027117583362905366, ""sorteio4"": -0.006522615153250207, ""sorteio5"": -0.028802729748657534, ""sorteio6"": -0.03744665377446786, ""sorteio7"": -0.02270444686817923, ""sorteio8"": -0.02248477373956814, ""sorteio9"": -0.02207305571877654}",uf,full controls + first*samepartygov98,,OLS,esample2==1,"Table 11A, Col 3."
112431-V1,44,lrecursos_fisc,first,0.05503635,0.12248044,0.65341917,-0.18502532,0.29509802,476,0.607361,,,close,"{""first"": 0.0550363543537762, ""pref_masc"": 0.020926871131815156, ""pref_idade_tse"": 0.0025561036652180904, ""pref_escola"": -0.016086126054427666, ""party_d1"": -0.21473105219455388, ""party_d3"": -0.2651283959973291, ""party_d4"": -0.013389145566578844, ""party_d5"": 0.016645685208916898, ""party_d6"": -0.009207558827774739, ""party_d7"": -0.8131795072856862, ""party_d8"": -0.042418750972099066, ""party_d9"": -0.36745104922834565, ""party_d10"": 0.24165069752432525, ""party_d11"": 0.00294665736254622, ""party_d12"": -0.10221630056624167, ""party_d13"": -0.27754507045398985, ""party_d14"": 0.14846041086554895, ""party_d15"": -0.36382229648068737, ""party_d16"": 1.1685829833957966, ""party_d17"": -0.3807572339427371, ""party_d18"": -0.3750780703725377, ""lpop"": 0.7088482293461941, ""purb"": 0.49495713994009755, ""p_secundario"": -0.6876657429860165, ""mun_novo"": 0.06365052326229097, ""lpib02"": -0.059779412111316724, ""gini_ipea"": 1.8182843834543716, ""lrec_trans"": 0.22934546115506643, ""p_cad_pref"": 0.24605129527255937, ""vereador_eleit"": 117.61762693797077, ""ENLP2000"": 0.049125562308754554, ""comarca"": 0.19203445944008019, ""lfunc_ativ"": -0.08466213914990463, ""sorteio1"": -0.6965976231768978, ""sorteio2"": -0.017294511794834266, ""sorteio3"": -0.02162675053130494, ""sorteio4"": -0.23545343100876379, ""sorteio5"": -0.2807673008973576, ""sorteio6"": -0.0981915080709918, ""sorteio7"": 0.04736942193910757, ""sorteio8"": -0.011433222859661061, ""sorteio9"": -0.042208589191534855}",uf,full controls,,OLS,esample2==1,"Table 11B, Col 1. Manipulation test"
112431-V1,45,lrecursos_fisc,first,0.09127883,0.16848083,0.58826946,-0.2389436,0.42150126,476,0.607635,,,close,"{""first"": 0.09127882821030686, ""first_sorteio_electyear"": -0.09311914881882132, ""sorteio_electyear"": 0.04720503913923953, ""pref_masc"": 0.02639263762986666, ""pref_idade_tse"": 0.002486110661834206, ""pref_escola"": -0.015866624902139387, ""party_d1"": -0.20825082567531958, ""party_d3"": -0.25394657651486685, ""party_d4"": -0.017700058576811097, ""party_d5"": 0.018134924385503636, ""party_d6"": -0.010301770808911781, ""party_d7"": -0.8223502440268903, ""party_d8"": -0.015336077446447886, ""party_d9"": -0.3764959470498882, ""party_d10"": 0.2546709590541514, ""party_d11"": 0.012205948593105411, ""party_d12"": -0.10246191805756245, ""party_d13"": -0.27602381210078974, ""party_d14"": 0.14254689520578961, ""party_d15"": -0.3652413729352939, ""party_d16"": 1.1503981133173464, ""party_d17"": -0.38072912986330354, ""party_d18"": -0.36032127329150304, ""lpop"": 0.7057477074661027, ""purb"": 0.5107736385225037, ""p_secundario"": -0.6823043481843255, ""mun_novo"": 0.06334902045926395, ""lpib02"": -0.06101333888702848, ""gini_ipea"": 1.8380712678953226, ""lrec_trans"": 0.2269481587130116, ""lfunc_ativ"": -0.07995742597923393, ""p_cad_pref"": 0.23929402114927814, ""vereador_eleit"": 117.845857408868, ""ENLP2000"": 0.04971836765936757, ""comarca"": 0.188754596571202, ""sorteio1"": -0.6922371880355297, ""sorteio2"": -0.009635048792099539, ""sorteio3"": -0.016530657680427555, ""sorteio4"": -0.23083929796012226, ""sorteio5"": -0.2727536899107252, ""sorteio6"": -0.08855702737965365, ""sorteio7"": 0.05747233419297886, ""sorteio9"": -0.03567099636456485}",uf,full controls + sorteio_electyear interaction,,OLS,esample2==1,"Table 11B, Col 2."
112431-V1,46,lrecursos_fisc,first,0.04856898,0.12270168,0.69243799,-0.19192631,0.28906428,476,0.607656,,,close,"{""first"": 0.048568984398326735, ""first_PT"": 0.33858695974277286, ""pref_masc"": 0.007170619013703221, ""pref_idade_tse"": 0.002747525946819619, ""pref_escola"": -0.015757302386501325, ""party_d1"": -0.20718643444812315, ""party_d3"": -0.27109633763712504, ""party_d4"": -0.011050459632661264, ""party_d5"": 0.019563806490300453, ""party_d6"": -0.007945679111940886, ""party_d7"": -0.7911509903586014, ""party_d8"": -0.03263557430748376, ""party_d9"": -0.3663616903820658, ""party_d10"": 0.23351584683898755, ""party_d11"": 0.006819140770104215, ""party_d12"": -0.10046522864383545, ""party_d13"": -0.2717418572102092, ""party_d14"": 0.15786200489523916, ""party_d15"": -0.6221499884164938, ""party_d16"": 1.1833087795356512, ""party_d17"": -0.37934439345986715, ""party_d18"": -0.36933432703673136, ""lpop"": 0.7124611503771319, ""purb"": 0.48638431172179714, ""p_secundario"": -0.6822164835383565, ""mun_novo"": 0.06771547718820355, ""lpib02"": -0.06193430468173074, ""gini_ipea"": 1.7804041022525876, ""lrec_trans"": 0.2324277108005245, ""lfunc_ativ"": -0.08496191007252046, ""p_cad_pref"": 0.24696521251737152, ""vereador_eleit"": 119.34731076425997, ""ENLP2000"": 0.048471657568654174, ""comarca"": 0.18936911462540357, ""sorteio1"": -0.6985884533691081, ""sorteio2"": -0.010794452985531196, ""sorteio3"": -0.01801322621792832, ""sorteio4"": -0.23717645349933683, ""sorteio5"": -0.2801516474102513, ""sorteio6"": -0.09852880194130421, ""sorteio7"": 0.046142199351370566, ""sorteio8"": -0.002337739323196335, ""sorteio9"": -0.040774815892720855}",uf,full controls + first*PT,,OLS,esample2==1,"Table 11B, Col 3."
112431-V1,47,lrecursos_fisc,first,0.09980298,0.16386386,0.54282509,-0.22137018,0.42097613,476,0.608008,,,close,"{""first"": 0.09980297536949646, ""first_samepartygov98"": -0.15238370950466232, ""samepartygov98"": 0.1020750042808784, ""pref_masc"": 0.012404381716418453, ""pref_idade_tse"": 0.0024659431059115013, ""pref_escola"": -0.014702735052588121, ""party_d1"": -0.22109455295764494, ""party_d3"": -0.24941252068406186, ""party_d4"": -0.011196761024110546, ""party_d5"": 0.02260747475617695, ""party_d6"": -0.00036910745161624703, ""party_d7"": -0.7985259872555837, ""party_d8"": -0.01997024237994403, ""party_d9"": -0.36657533947378657, ""party_d10"": 0.23410174172024917, ""party_d11"": 0.02757389569652398, ""party_d12"": -0.09725826472977375, ""party_d13"": -0.2863071751122541, ""party_d14"": 0.14706202760366371, ""party_d15"": -0.34804521132968075, ""party_d16"": 1.1415533192202272, ""party_d17"": -0.3765133632458884, ""party_d18"": -0.3564865220147394, ""lpop"": 0.7229929452382751, ""purb"": 0.5032402128013658, ""p_secundario"": -0.686729923023381, ""mun_novo"": 0.07119119994862602, ""lpib02"": -0.0606885510566378, ""gini_ipea"": 1.8374738156800698, ""lrec_trans"": 0.22594982833263885, ""lfunc_ativ"": -0.08996415739548529, ""p_cad_pref"": 0.23796511371920087, ""vereador_eleit"": 124.4203559664661, ""ENLP2000"": 0.04805641034484762, ""comarca"": 0.19508253218499447, ""sorteio1"": -0.6964032020156212, ""sorteio2"": -0.016729530198203533, ""sorteio3"": -0.014531862362872553, ""sorteio4"": -0.23244114484846576, ""sorteio5"": -0.2863884385679079, ""sorteio6"": -0.09105765090328133, ""sorteio7"": 0.04261577860280235, ""sorteio8"": -0.016955061407940085, ""sorteio9"": -0.04485074149683748}",uf,full controls + first*samepartygov98,,OLS,esample2==1,"Table 11B, Col 4."
112431-V1,48,pcorrupt,first,-0.0349859,0.01835206,0.05748882,-0.07095593,0.00098413,328,0.010687,,,close,"{""Intercept"": 0.08598206090549837, ""first"": -0.03498590240975514, ""running"": -0.07049411698903389, ""running2"": 0.010323414276497783, ""running3"": 0.09975930728884198}",,cubic polynomial in running,,OLS,esample2==1,"Table Fig2, Col 1. RDD regression for Figure 2 plot"
